CÓDIGO;COMPONENTE_CURRICULAR;HABILIDADE;
EF06AR24;ARTE; Reconhecer, Apreciar e Investigar artistas, grupos e coletivos cênicos de circo -teatro(teatrocircense e circo paulistas, brasileiros e estrangeiros de diferentes épocas, investigando os modos de criação, produção, divulgação, circulação e organização da atuação profissional.;
EF06AR25;ARTE; Investigar, Identificar, Analisar e Aprimorar a comédia e a farsa como gêneros teatrais e a relação entre as linguagens teatral e circense em diferentes tempos e espaços aprimorando a capacidade de apreciação estética teatral.;
EF06AR26;ARTE; Explorar e Reconhecer diferentes elementos envolvidos na composição de acontecimentos cênicos da comédia e da farsa, do circo teatro (teatro circense e do circo (figurinos, adereços, maquiagem/visagismo, cenário, iluminação e sonoplastia e reconhecer seus vocabulários;
EF06AR28;ARTE; Investigar,  Experimentar e Compreender diferentes funções teatrais (ator, figurinista, aderecista e maquiador/visagista etc. e compreender a relação entre elas nos processos de criação de personagem.;
EF06CI06;CIÊNCIAS; Concluir com base na análise de ilustra - ções e ou modelos físicos ou digitais, que os orga - nismos são um complexo arranjo de sistemas com diferentes níveis de organização.;
EF06CI07;CIÊNCIAS;Justificar opapeldosistemanervosona coordenaçãodasações motoras esensoriaisdocor - po, com base na compreensão e análise de suas estru - turas básicas e respectivasfunções.;
EF06CI08;CIÊNCIAS; Explicar a importância da visão captação einterpretação das imagens nainteração do orga - nismo com o meio e, com base no funcionamento do olho humano, selecionar lentes adequadas para a cor - reção de diferentes defeitos da visão.;
EF06CI09;CIÊNCIAS;Concluir,combasenaobservaçãodesi - tuaçõesdocotidianooureproduzidasemvídeos,que a estrutura, a sustentação e a movimentação dos seres vertebrados resultamdainteraçãoentreossistemas muscular, ósseo enervoso.;
EF06CI10;CIÊNCIAS; Explicar como o funcionamento do siste - ma nervoso pode ser afetado por substâncias psicoa - tivas.;
EF06EF14;EDUCAÇÃO FÍSICA;   Experimentar, Fruir e Recriar diferentes lutas do Brasil, valorizando a própria segurança e integridade física, bem como as dos demais.;
EF06EF15;EDUCAÇÃO FÍSICA; Planejar e Utilizar estratégias básicas das lutas do Brasil, respeitando o colega como oponente.;
EF06EF16;EDUCAÇÃO FÍSICA; Identificar as características (códigos, rituais, elementos técnico -táticos, indumentária, materiais, instala - ções, instituições das lutas do Brasil.;
EF06EF24;EDUCAÇÃO FÍSICA;* Praticar um ou mais jogos de tabuleiro, utilizando as habilidades técnico -táticas básicas e respeitando as regras.;
EF06GE05;GEOGRAFIA; Caracterizar e Relacionar os biomas, ecossistemas e os recursos naturais em diferentes lugares  com os padrões e componentes climáticos, hidrográficos, geomorfológicos, pedológicos e biológicos.;
EF06GE10;GEOGRAFIA; Explicar, Identificar e Relacionar  a importância dos solos para a manutenção da vida, identificar os fatores de formação, tipos e usos  e relacionar com a permeabilidade e  a disponibilidade de água em diferentes lugares e tempos.;
EF06GE11;GEOGRAFIA; Analisar distintas interações das sociedades com a natureza com base na distribuição dos componentes físico-naturais, incluindo as transformações da biodiversidade local, regional e global.;
EF06GE16;GEOGRAFIA;* Descrever e Analisar as camadas da litosfera e analisar os processos endógenos e exógenos na formação e modelagem do relevo terrestre.;
EF06HI14;HISTÓRIA; Identificar e analisar Diferentes formas de contato, adaptação ou exclusão entre populações Em diferentes tempos e espaços;
EF06HI16;HISTÓRIA; Caracterizar e comparar As dinâmicas de abastecimento e as formas de organização do trabalho e da vida social Em diferentes sociedades e períodos, com destaque para as relações entre senhores e servos;
EF06HI18;HISTÓRIA; Analisar O papel do cristianismo na cultura, na política e na sociedade Durante o período medieval;
EF06HI21;HISTÓRIA;* Identificar As características e trajetórias do Cristianismo, do povo hebreu e do povo árabe Estabelecendo as relações do mundo medieval cristão com o mundo árabe, com o Império Otomano e com as populações judaicas;
EF06LI01;INGLÊS;   Interagir em situações de intercâmbio oral, demonstrando iniciativa para utilizar a língua inglesa.;
EF06LI04;INGLÊS;  Reconhecer com o apoio de palavras cognatas e pistas do contexto discursivo, o assunto e as informações principais em textos orais sobre temas familiares.;
EF06LI05;INGLÊS; Aplicar os conhecimentos da língua inglesa parafalar de si e de outras pessoas, explicitando informações pessoais e características relacionadas a gostos, preferências e rotinas.;
EF06LI06;INGLÊS; Planejar  apresentação sobre a família, a comunidade e a escola,  compartilhando-a oralmente com o grupo.;
EF06LI07;INGLÊS;  Formular hipóteses sobre a finalidade de um texto em língua inglesa, com base em sua estrutura, organização textual e pistas gráficas.;
EF06LI09;INGLÊS;  Localizar informações específicas em texto.;
EF06LI12;INGLÊS; Interessar-se temas de interesse pessoal, textos curtos  compartilhando suas ideias sobre o que o texto informa/comunica.;
EF06LI13;INGLÊS; Listar ideias para a produção de textos, levando em conta o tema e o assunto.;
EF06LI15;INGLÊS; Produzir textos escritos em língua inglesa (histórias em quadrinhos, cartazes,chats blogues, agendas, fotolegendas, entre outros,  sobre si mesmo, sua família, seus amigos, gostos, preferências erotinas, sua comunidade eseu contexto escolar.;
EF06LI17;INGLÊS; Construir repertório lexical  relativo a temas familiares (escola, família, rotina diária, atividades de lazer, esportes, entre outros.;
EF06LI20;INGLÊS; Utilizar o presente contínuo  para descrever ações em progresso.;
EF06LI24;INGLÊS; Investigar o alcance da da língua inglesa no mundo:  como língua materna e/ ou oficial (primeira ou segunda língua.;
EF06LI25;INGLÊS;  Identificar  a presença da língua inglesa na sociedade brasileira/comunidade (palavras, expressões, suportes e esferas de circulação e consumo e seu significado.;
EF06LI26;INGLÊS; Avaliar  problematizando elementos/produtos culturais de países de língua inglesa absorvidos pela sociedade brasileira/comunidade.;
EF06LP07;PORTUGUÊS;A Identificar, em diferentes gêneros, o uso de períodos compostos por orações separadas por vír;
EF06LP11;PORTUGUÊS; Utilizar, ao produzir textos em diferentes gêneros, conhecimentos linguísticos e gramaticais: tempos verbais, concordância nominal e verbal, regras ortográficas, pontuação etc.;
EF06MA03;MATEMÁTICA; Resolver e Propor problemas que envolvam cálculos (mentais ou escritos, exatos ou aproximadoscom números naturais por meio de estratégias pessoais, com compreensão dos processos neles envolvidos com e sem uso de calculadora.;
EF06MA16;MATEMÁTICA; Associar pares ordenados de números à localização de pontos em um plano cartesiano do 1º quadrante, em situações como a localização dos vértices de um polígono;
EF06MA17;MATEMÁTICA; Quantificar e Estabelecer relações entre o número de vértices, faces e arestas de prismas e pirâmides, em função do seu polígono da base, para resolver problemas e desenvolver a percepção espacial.;
EF06MA17;MATEMÁTICA; Quantificar, Estabelecer e Resolver relações entre o número de vértices, faces earestas de prismas e pirâmides para resolver problemas e desenvolver a percepção espacial.;
EF06MA24;MATEMÁTICA; Resolver e Elaborar  situações -problema que envolvam as grandezas comprimento, massa, tempo, tem peratura,área(triângulos e retângulos, capacidade e volume(sólidos formados por blocos retangulares sem uso de fórmulas, inseridos, sempre que possível, em contextos oriundos de situações reais e/ou relacionadas às outras áreas do conhecimento.;
EF07AR24;ARTE;  Reconhecer, Apreciar e Investigar artistas, grupos e coletivos cênicos de teatro de animação paulistas, brasi leiros e estrangeiros de diferentes épocas investigando os modos de criação, produção, divulgação, circulação e organização da atuação profissional em teatro.;
EF07AR26;ARTE; Explorar e Reconhecer diferentes elementos envolvidos na composição de acontecimentos cênicos do teatro de animação (personagens, adereços, cenário, iluminação e sonoplastia e reconhecer seus vocabulários.;
EF07AR27;ARTE; Pesquisar e Criar formas de dramaturgias no teatro de animação, em diálogo com o teatro contemporâneo.;
EF07AR28;ARTE; Experimentar , de maneira imaginativa na improvisação teatral e no jogo cênico, as construções de movimento (manipulação e vocais de personagens do teatro de animação.;
EF07AR30;ARTE; Compor e Explorar cenas, performances, esquetes e improvisações com base em textos dramáticos ou outros estímulos (música, imagens, objetos etc., explorando o teatro de animação e considerando arelação com o espectador.;
EF07CI09;CIÊNCIAS; Interpretar as condições de saúde da comunidade, cidade ouestado, com base naleitura, análise ecomparaçãodeindicadoresdesaúde -taxa de mortalidade infantil, cobertura de saneamento básico e incidência de doenças de veiculação hídrica, atmosférica,entreoutros - ederesultadosdepolíticas públicas destinadas àsaúde.;
EF07CI10;CIÊNCIAS;A Identificar principais características de vírus e bactérias e as principais patologias que provo - cam no organismo humano.;
EF07CI10;CIÊNCIAS;B Argumentar sobre a importância da vaci - nação para a saúde pública, com base em informações sobre a maneira como a vacina atua no organismo e opapelhistóricodavacinaçãopara amanutenção da saúde individual e coletiva e para a erradicação de doenças.;
EF07CI11;CIÊNCIAS; Analisar historicamente o uso da tecnolo - gia, incluindo a digital, nas diferentes dimensões da vida humana, considerando e propondo soluções com base em indicadores ambientais e de qualidade de vida.;
EF07EF02;EDUCAÇÃO FÍSICA; Identificar as transformações nas características dos jogos eletrônicos emfunção dos avançosdas tecnologias;
EF07EF05;EDUCAÇÃO FÍSICA; Planejar e Utilizar estratégias para solucionar os desafios técnicos e táticos, tanto nos esportes de precisão e técnico combinatórios como nas modalidades esportivas escolhidas para praticar.;
EF07EF24;EDUCAÇÃO FÍSICA;*  Identificar as exigências corporais mobilizadas na prática dos diferentes jogos eletrônicos relacionando as capacidades físicas.;
EF07EF25;EDUCAÇÃO FÍSICA;* Relacionar e Associar a prática de exercícios físicos à promoção da saúde, reconhecendo a importância da adoção de um estilo de vida saudável.;
EF07GE05;GEOGRAFIA; Analisar e Discutir fatos e situações representativas das alterações ocorridas entre o período mercantilista e o advento do capitalismo  e discutir aspectos econômicos,políticos, sociais, culturais eambientais  associados a esse período em diferentes lugares.;
EF07GE06;GEOGRAFIA; Analisar e Discutir a apropriação dos recursos naturais pelas diferentes sociedades  e discutir como os processos produtivos, a circulação e o consumo de mercadorias provocam impactos socioambientais e influem nas relações de trabalho e na distribuição de riquezas em diferentes lugares.;
EF07GE08;GEOGRAFIA; Estabelecer e Analisar relações entre os processos de industrialização e inovação tecnológica  e analisar as transformações socioeconômicas, políticas, culturais e ambientai do territóriobrasileiro;
EF07GE09;GEOGRAFIA;A Interpretar e Elaborar mapas temáticos com base em informações históricas, demográficas, sociais e econômicas do território brasileiro.;
EF07GE20;GEOGRAFIA;* Explicar, Identificar e Discutir o conceito de desenvolvimento sustentável,  identificar os seus indicadores econômicos, culturais, sociais, ambientais e políticos e discutir as vantagens e desvantagens em diferentes lugares.;
EF07GE21;GEOGRAFIA;* Relacionar e Discutir os processos produtivos sustentáveis com as práticas de consumo consciente e responsável e discutir caminhos para a construçãode sociedades sustentáveis.;
EF07HI15;HISTÓRIA; Discutir o conceito de escravidão moderna, distinguindo-o em relação ao escravismo antigo e à servidão medieval.;
EF07HI16;HISTÓRIA;" Analisar os mecanismos e as dinâmicas do comércio de escravizados em suas diferentes fases, identificando os agentes do tráfico e as regiões africanas de procedência dos escravizados.""";
EF07HI17;HISTÓRIA; Discutir  as razões da passagem  do mercantilismo para o capitalismo.;
EF07HI19;HISTÓRIA;* Analisar e Identificar  as condições das pessoas escravizadas    e identificar as formas de resistência à escravidão na América Portuguesa.;
EF07HI20;HISTÓRIA;* Relacionar  o racismo da contemporaneidade  ao processo de escravização das populações africanas e afrodescendentes no período colonial.;
EF07LI01;INGLÊS; Interagir em situações de intercâmbio oral para realizar as atividades em sala de aula, de forma respeitosa e colaborativa, trocando ideias e engajando -se em brincadeiras e jogos.;
EF07LI02;INGLÊS;  Entrevistar  os colegas para conhecer suas histórias de vida.;
EF07LI03;INGLÊS;  Mobilizar conhecimentos prévios para compreender texto oral.;
EF07LI04;INGLÊS; Identificar o contexto, a fina - lidade, o assunto e os interlocutores em textos orais presentes no cinema, na internet, na televisão, entre outros.;
EF07LI05;INGLÊS; Compor, em língua inglesa, narrativas orais sobre fatos, acontecimen - tos e personalidades marcantes do passado.;
EF07LI06;INGLÊS; Selecionar em um texto, a informação desejada como objetivo de leitura.;
EF07LI07;INGLÊS;  Identificar a(s informação(ões chave de partes de um texto em língua inglesa (parágrafos.;
EF07LI08;INGLÊS; Relacionar as partes de um texto (parágrafos para construir seu senti - do global.;
EF07LI09;INGLÊS;  Selecionar ,em um texto, a informação desejada como objetivo de leitura.;
EF07LI11;INGLÊS; Participar de troca de opiniões einformações sobre textos lidos nasala de aula ou em outros ambientes.;
EF07LI12;INGLÊS; Planejar a escrita de textos em funçãodocontexto(público,finalidade, layout e suporte.;
EF07LI15;INGLÊS; Construir repertório lexical relativo a verbos regulares e irregulares (formas no passado, preposições de tempo (in,on,at e conectores (and ,but, because, then , so , before , after, entre outros.;
EF07LI22;INGLÊS; Explorar modos de falar em língua inglesa, refutando preconceitos e reconhecendo a variação linguística como fenômeno natural das línguas.;
EF07LP03;PORTUGUÊS; Utilizar, com base em palavras primitivas, palavras derivadas com os prefixos e sufixos mais produtivos no português.;
EF07LP05;PORTUGUÊS;A Identificar, em orações de textoslidosoudeproduçãoprópria,verbos de predicação incompleta transitivos. EF07LP05B Identificar, em orações de textoslidosoudeproduçãoprópria,verbos de predicação completa intransitivos.;
EF07LP05;PORTUGUÊS;B Identificar, em orações de textoslidosoudeproduçãoprópria,verbos de predicação completa intransitivos.;
EF07LP05;PORTUGUÊS;C Identificar, em orações de textoslidosoudeproduçãoprópria,verbos de predicação bitransitiva transitivos e intransitivos.;
EF07LP07;PORTUGUÊS; Identificar, em textos de diferentes gêneros, a estrutura básica da oração: sujeito, predicado, complemento objetos direto e indireto.;
EF07LP10;PORTUGUÊS; Utilizar, ao produzir diferentes gêneros, conhecimentos linguísticos e gramaticais, já estudados.;
EF07LP12;PORTUGUÊS; Reconhecerrecursos de coesão referenciallexical epronominalemtextos de diferentes gêneros.;
EF07LP27;PORTUGUÊS; Analisar, entre os textos literários e entre estes e outras manifestações artísticas como cinema, teatro,música,artesvisuais emidiáticas, referências explícitas ou implícitas a outros textos,quantoaos temas,personag;
EF07LP28;PORTUGUÊS; Reconhecer, em textos, o verbo como o núcleo das orações.;
EF07MA02;MATEMÁTICA; Resolver e Elaborar  situações -problema que envolvam porcentagem, como os que lidam com acréscimos e decréscimos simples, utilizando estratégias pessoais, cálculo mental e calculadora no contexto de educação financeira, entre outros.;
EF07MA02;MATEMÁTICA; Resolver e Elaborar situações-problema que envolvam porcentagem, como os que lidam com acréscimos e decréscimos simples utilizando estratégias pessoais, cálculo mental e calculadora no contexto de educação financeira, entre outros.;
EF07MA17;MATEMÁTICA; Resolver e Elaborar  situações -problema que envolvam variação de proporcionalidade direta e de proporcionalidade inversa entre duas grandeza utilizando sentença algébrica para expressar a relação entre elas.;
EF07MA17;MATEMÁTICA; Resolver e Elaborar situações-problema que envolvam variação de proporcionalidade direta e de proporcionalidade inversa entre duas grandezas utilizando sentença algébrica para expressar a relação entre elas.;
EF07MA27;MATEMÁTICA; Calcular e Estabelecer  medidas de ângulos internos de polígonos regulares, sem o uso de fórmulas, e estabelecer relações entre ângulos internos e externos de polígonos, preferencialmente vinculadas à construção de mosaicos e de ladrilhamentos.;
EF07MA33;MATEMÁTICA; Estabelecer  o número  π como a razão entre  a medida de uma circunferência e seu diâmetro  para compreender e resolver problemas, inclusive os de natureza histórica.;
EF07MA34;MATEMÁTICA; Planejar e Realizar experimentos aleatórios ou simulações que envolvem cálculo de probabilidades ou estimativas por meio de frequência de ocorrências.;
EF07MA35;MATEMÁTICA; Compreender em contextos significativos, o significado de média estatística como indicador da tendência de uma pesquisa, calcular seu valor e relacioná -lo, intuitivamente, com a amplitude do conjunto de dados.;
EF07MA36;MATEMÁTICA; Planejar, Realizar e Interpretar pesquisa envolvendo tema da realidade social,  identificando a necessidade de ser censitária ou de usar amostra, e interpretar os dados para comunicá - los por meio de relatório escrito, tabelas e gráficos, com o apoio de planilhas eletrônicas.;
EF08AR24;ARTE;  Reconhecer e Apreciar artistas, grupos, coletivos cênicos e manifestações cênicas de matriz indígena, africana e afro -brasileira de diferentes épocas, investigando os modos de criação, produção, divulgação, circulação e organização da atuação profissional.;
EF08AR25;ARTE;  Investigar,Identificar e Analisar poéticas pessoais emdiferentestempos e espaços,inclusiveno contexto paulista e brasileiro, relacionando o teatro às diferentes dimensões da vida em sociedade e aprimorando a capacidade de apreciação estética teatral.;
EF08AR26;ARTE;  Explorar e Rconhecer iferentes elementos envolvidos na composição de manifestações cênicas de matriz indígena, africana e afro -brasileira (figurinos, adereços, maquia - gem/visagismo, cenário e sonoplastia e reconhecer seus vocabulários.;
EF08AR28;ARTE; Experimentar , de maneira imaginativa na improvisação teatral e no jogo cênico, a gestualidade e as construções corporais e vocais de personagens que representem a diversidade do povo brasileiro, problematizando e combatendo estereótipos e preconceitos.;
EF08CI01;CIÊNCIAS; Identificar e classificar diferentes fontes, renováveis e não renováveis, e comparar como a ener - gia éutilizadaemresidências, comunidades oucida - des em relação aos princípios da sustentabilidade.;
EF08CI02;CIÊNCIAS; Planejar e construir circuitos elétricos com pilha/bateria, fios e lâmpada ou outros dispositivos e compará -los aos circuitos elétricos residenciais.;
EF08CI03;CIÊNCIAS; Classificar equipamentoselétricosresiden - ciais, tais como chuveiro, ferro, lâmpadas, TV,rádio, geladeira e outros, de acordo com o tipo de transfor - maçãodeenergiaelétricaparaasenergias térmica, luminosa, sonora e mecânica.;
EF08CI04;CIÊNCIAS; Calcular o consumo de eletrodomésticos, a partir dos dados de potência descritos no próprio equipamento e tempo médio de uso, para comparar e avaliar seu impacto no consumo doméstico.;
EF08CI05;CIÊNCIAS; Propor e implementar ações coletivas em sua escola ou comunidade para uso consciente da energia elétrica consumo de energia e eficiência energética e descarte de equipamentos, principalmente os eletrônicos, com vistas ao desenvolvimento de uma sociedade sustentável.;
EF08CI06;CIÊNCIAS;A Identificar e explicar o percurso da ele - tricidade desde a sua produção, nas usinas geradoras termelétricas,hidrelétricas,eólicas eoutras,atésua cidade, comunidade, casa ou escola.;
EF08CI08;CIÊNCIAS;B Identificar e explicar as interações que ocorrementreossistemas nervoso eendócrino, bem como a manifestação no desenvolvimento do organis - mo humano, nos aspectos comportamentais, morfoló - gicos e fisiológicos.;
EF08CI10;CIÊNCIAS;Identificarsintomas,modosdetransmis - são, tratamento das principais Infecções Sexualmente Transmissíveis -IST, incluindo HIV/Aids e discutir e argumentar sobre a importância das estratégias e mé - todos de prevenção como promoção do autocuidado e como uma questão de saúde pública.;
EF08CI11;CIÊNCIAS; Reconhecer a sexualidade humana na sua integralidade, selecionando argumentos que eviden - ciem as dimensões biológicas, socioculturais, afetivas eéticas, valorizando erespeitando a diversidade de manifestações e expressões da identidade humana e compreendendo o preconceito e a discriminação como uma construção social.;
EF08CI17;CIÊNCIAS;* Discutir e propor o uso da energia de modo confiável, sustentável, moderno eeconomica - mente acessível para todos.;
EF08CI18;CIÊNCIAS;*Investigar o processo de produção e o consumo de equipamentos eletrônicos e argumentar comcriticidadesobre oimpactonasaúdeindividuale coletivadaspessoas,propondomodosdeconsumo mais sustentáveis.;
EF08EF09;EDUCAÇÃO FÍSICA;  Problematizar a prática excessiva de exercícios físicos e o uso de medicamentos para a ampliação do rendimento ou potencialização das transformações corporais.;
EF08EF19;EDUCAÇÃO FÍSICA;  Experimentar e Fruir diferentes práticas corporais de aventura na natureza, valorizando a própria segurança e integridade física, bem como as dos demais.;
EF08EF20;EDUCAÇÃO FÍSICA; Identificar riscos, formular estratégias e observar normas de segurança para superar os desafios na realização de práticas corporais de aventura na natureza.;
EF08EF22;EDUCAÇÃO FÍSICA;* Identificar e Discutir as contribuições da prática da ginástica de conscientização à melhoria da qualidade de vida.;
EF08GE10;GEOGRAFIA; Distinguir e Analisar conflitos e ações dos movimentos sociais brasileiros, no campo e na cidade, comparando com outros movimentos sociais existentes nos países latino -americanos.;
EF08GE15;GEOGRAFIA; Analisar a importância dos principais recursos hídricos da América Latina e discutir os desafios relacionados à gestão e comercialização da água.;
EF08GE16;GEOGRAFIA;A Identificar, Comparar e Analisar as principais problemáticas sociais, econômicas, demográficas, culturais, ambientais, políticas entre outras e relacionar com o processo de urbanizaçãodas cidades latino-americanas.;
EF08GE16;GEOGRAFIA;B Disscutir e Relacionar as particularidades da distribuição, estrutura e dinâmica da população  e relacionar com as condições de vida qualidade de vida e trabalho nas cidades latino -americanas, em especial no Brasil.;
EF08GE17;GEOGRAFIA; Analisar e Discutir as diferenças na apropriação dos espaços urbanos relacionando-as com os processos de exclusão social e segregação socioespacial e discutir as políticas públicas de planejamento urbano dos países latino-americanos, em especial do Brasil.;
EF08GE18;GEOGRAFIA; Elaborar e Analisar  mapas ou outras formas de representações cartográficas para analisar as redes e as dinâmicas urbanas e rurais,ordenamento territorial, contextos culturais ,modo de vida e usos e ocupação do solo na América e na África.;
EF08GE20;GEOGRAFIA;B Analisar, Relacionar e Discutir as desigualdades sociais e econômicas de países e grupos de países da América e da África e relacionar com as pressões sobre a natureza e a apropriação de suas riquezas e discutir as consequências para as populações desses países e impactos para biodiversidade.;
EF08GE21;GEOGRAFIA; Analisar e Discutir  o papel ambiental e territorial da Antártica no contexto geopolítico, sua relevância para os países da América do Sul, em especial para o Brasil e discutir o seu valor como área destinada à pesquisa e à compreensão das alterações climáticas e do meio ambiente global.;
EF08GE22;GEOGRAFIA; Analisar e Relacionar a relevância dos principais recursos naturais e fontes energéticas e relacionar com processos de cooperação entre os países do Mercosul e outros blocos regionais da América Latina e do mundo.;
EF08HI19;HISTÓRIA;A Formular  questionamentos sobre o legado da escravidão nas Américas com base na seleção e consulta de fontes de diferentes naturezas.;
EF08HI20;HISTÓRIA; Identificar, Relacionar e Discutir  aspectos das estruturas sociais da atualidade  com os legados da escravidão no Brasil e discutir a importância de ações afirmativas.;
EF08HI21;HISTÓRIA; Identificar e Analisar  as políticas oficiais  com relação ao indígena durante o Império.;
EF08HI22;HISTÓRIA; Discutir  o papel das culturas letradas, não letradas e das artes  na produção das identidades no Brasil do século XIX.;
EF08HI23;HISTÓRIA; Estabelecer  relações causais entre as ideologias raciais e o determinismo  no contexto do imperialismo europeu e seus impactos na África e na Ásia.;
EF08HI24;HISTÓRIA;" Reconhecer e Analisar os principais produtos procedentes do continente africano utilizados pelos europeus durante o imperialismo e analisar os impactos sobre as formas de organização e exploração econômica das comunidades locais.""";
EF08HI25;HISTÓRIA; Caracterizar e Contextualizar  aspectos das relações  entre os Estados Unidos da América e a América Latina no século XIX.;
EF08HI27;HISTÓRIA; Identificar as tensões e os significados dos discursos civilizatórios  avaliando seus impactos negativos para os povos indígenas originários e para as populações negras nas Américas, com base na seleção e consulta de fontes de diferentes naturezas.;
EF08LI03;INGLÊS;  Construir o sentido global de textos orais, relacionando suas partes, o assunto principal e informações relevantes.;
EF08LI05;INGLÊS;   Inferir informações e relações que não aparecem de modo explícito no texto para construção desentidos.;
EF08LI06;INGLÊS; Apreciar textosnarrativos em língua inglesa (contos, romances, entre outros, em versão original ou simplificada, como forma de valorizar o patrimônio cultural produzido em língua inglesa.;
EF08LI08;INGLÊS; Analisar , criticamente, o conteúdo de textos, comparando diferentes perspectivas apresentadas sobre um mesmo assunto.;
EF08LI15;INGLÊS; Utilizar , de modo inteligível, as formas comparativas e superlativas de adjetivos para comparar qualidades e quan - tidades.;
EF08LP04;PORTUGUÊS;A Identificar aspectos linguísticos e gramaticais ortografia, regências e concordâncias nominal e verbal, modos e tempos verbais, pontuação, acentuação, hifenização, estilo etc. em funcionamento em um texto.;
EF08LP05;PORTUGUÊS;B Apropriar -se de regras básicas de uso do hífen em palavras compostas.;
EF08LP05;PORTUGUÊS;C Analisar processos de formação de palavrascompostas.;
EF08LP08;PORTUGUÊS;A Identificar, em gêneros textuais, verbos na voz ativa, passiva, reflexiva;
EF08LP08;PORTUGUÊS;A Identificar, em gêneros textuais, verbos na voz ativa, passiva, reflexiva.;
EF08LP08;PORTUGUÊS;B Inferir, em gêneros textuais, os efeitos de sentido proporcionados pelo sujeitoativo,passivo ereflexivo;
EF08LP09;PORTUGUÊS;A Inferir, em gêneros textuais, efeitos de sentido proporcionados por modificadores adjuntos adnominais – artigos definido ou indefinido, adjetivos, expressões adjetivas em substantivos com função de sujeito ou de complemento verbal.;
EF08LP10;PORTUGUÊS;A Analisar, em gêneros textuais, efeitos de sentido de modificadores do verbo adjuntos adverbiais – advérbios e expressões adverbiais.;
EF08MA04;MATEMÁTICA; Resolver e Elaborar situações -problema, envolvendo cálculo de porcentagens,  incluindo o uso de tecnologias digitais.;
EF08MA12;MATEMÁTICA; Identificar a natureza da variação de duas grandezas, diretamente inversamente proporcionais ou não proporcionais,  expressando a relação existente por meio de sentença algébrica e representá-la no plano cartesiano.;
EF08MA12;MATEMÁTICA; Identificar a natureza da variação de duas grandezas, diretamente, inversamente proporcionais ou não proporcionais expressando a relação existente por meio de sentença algébrica e representá-la no plano cartesiano.;
EF08MA13;MATEMÁTICA; Resolver e Elaborar  situaçõesproblema que envolvam grandezas diretamente ou inversamenteproporcionais, por meiodeestratégias variadas.;
EF08MA19;MATEMÁTICA; Resolver e Elaborar situações -problema que envolvam medidas de área de figuras geométricas,    utilizando expressões de cálculo de área(quadriláteros, triângulos e círculos, em situações como determinar medida de terrenos.;
EF08MA22;MATEMÁTICA; Calcular a probabilidade de eventos com base na construção do espaçoamostral, utilizando o princípio multiplicativo, e reconhecer que a soma das probabilidades de todos os elementos do espaço amostral é igual a 1.;
EF08MA22;MATEMÁTICA; Calcular e Reconhecer a probabilidade de eventos  com base na construção do espaço  amostral, utilizando o princípio multiplicativo, e reconhecer que a soma das probabilidades de todos os elementos do espaço amostral é igual a 1.;
EF08MA25;MATEMÁTICA; Obter os valores de medidas de tendência central de uma pesquisa estatística (média, moda e mediana  com a compreensão de seus significados e relacionálos com a dispersão de dados, indicada pela amplitude.;
EF08MA30;MATEMÁTICA; Resolver e Elaborar  problemas que envolvam congruência modular,  utilizando as propriedades das operações de adição, multiplicação e potenciação.;
EF09AR24;ARTE;  Reconhecer e Apreciar artistas, grupos, coletivos e manifestações cênicas do teatro contemporâneo paulistas, brasileiros e estrangeiros, investigando os modos coletivos e colaborativos de criação, produção, divulgação, circulação e organização da atuação profissional em teatro.;
EF09AR25;ARTE; Investigar, Identificar e Analisar odrama como gênero teatral e a relação entre as linguagens teatral e cinematográfica e as tecnologias digitais em diferentes tempos e espaços, inclusive no contexto paulista e brasileiro, aprimorando acapacidadedeapreciação estética teatral.;
EF09AR26;ARTE; Explorar e Reconhecer diferentes elementos envolvidos na composição dosacontecimentos cênicos do drama, do teatro contemporâneo e do cinema (figurinos, adereços, maquiagem/visagismo, cenário, iluminação e sonoplastia, incluindo o recurso a tecnologias digitais e reconhecer seus vocabulários.;
EF09AR28;ARTE; Experimentar diferentes funções teatrais (ator, figurinista, aderecista, maquiador/visagista, cenó - grafo, iluminador, sonoplasta, produtor, diretor e assessor de imprensa etc. em processos de trabalho artístico coletivos e colaborativos, e discutir os limites e desafios desse processo de trabalho.;
EF09CI14;CIÊNCIAS;Descrever acomposição e aestrutura do Sistema Solar Sol, planetas rochosos, planetas gigantes gasosos e corpos menores, assim como a localização do Sistema Solar na nossa Galáxia a Via Láctea e dela no Universo apenas uma galáxia dentre bilhões.;
EF09CI15;CIÊNCIAS; Identificar e relacionar diferentes leituras docéu eexplicações sobre aorigem daTerra, doSol ou do Sistema Solar às necessidades de distintas culturas agricultura, caça, mito, orientação espacial e temporal, entre outras.;
EF09CI16;CIÊNCIAS; Pesquisar e selecionar argumentos sobre a viabilidade da sobrevivência humana fora da Terra, combasenascondiçõesnecessárias àvida,nasca - racterísticas dos planetas, nas distâncias e tempo en - volvido em viagens interplanetárias e interestelares.;
EF09CI17;CIÊNCIAS; Descrever o ciclo evolutivo doSol - nas - cimento,vida emorte -combasenoconhecimento das etapas de evolução de estrelas e analisar possíveis efeitos desse processo em nosso planeta.;
EF09CI20;CIÊNCIAS;*Investigar ediscutirosavançostecno - lógicos conquistados pelahumanidadeaolongoda exploração espacial e suas interferências no modo de vidahumanocomonacomunicação enaprodução equipamentos, entre outros.;
EF09EF19;EDUCAÇÃO FÍSICA;  Explorar diferentes práticas corporais de aventura na natureza, respeitando o patrimônio natural e minimizando os impactos de degradação ambiental.;
EF09EF20;EDUCAÇÃO FÍSICA;  Identificar, Formular e Adotar riscos, formular estratégias e adotar procedimentos de segurança para a prevenção de acidentes em práticas corporais de aventura na natureza.;
EF09EF21;EDUCAÇÃO FÍSICA; Identificar as características (equipamentos de segurança, instrumentos, indumentária, organização das práticas corporais de aventura na natureza, bem como suas transformações históricas.;
EF09EF23;EDUCAÇÃO FÍSICA;* Discutir as implicações dos hábitos alimentares na incidência de obesidade, na saúde e qualidade de vida.;
EF09EF24;EDUCAÇÃO FÍSICA;* Identificar a relação entre exercício físico e composição corporal.;
EF09EF25;EDUCAÇÃO FÍSICA;* Identificar os princípios  do treinamento físico.;
EF09GE10;GEOGRAFIA; Analisar a importância dos organismos internacionais na governança global e na solução de conflitos geopolíticos;
EF09GE11;GEOGRAFIA; Relacionar, Analisar e Discutir  as mudanças técnicas e científicas decorrentes do processo de industrialização  com as transformações no trabalho e analisar e discutir as potencialidades e fragilidades desse processo em diferentes regiões do mundo, em especial no Brasil.;
EF09GE18;GEOGRAFIA; Identificar os impactos do processo de industrialização na produção e circulação de produtos e culturas  na Europa, na Ásia e na Oceania.;
EF09HI08;HISTÓRIA; Identificar  as transformações ocorridas  no debate sobre as questões da diversidade no Brasil durante o século XX e compreender o significado das mudanças de abordagem em relação ao tema.;
EF09HI22;HISTÓRIA; Discutir  o papel da mobilização da sociedade brasileira  do final do período ditatorial até a Constituição de 1988.;
EF09HI24;HISTÓRIA; Analisar  as transformações políticas, econômicas, sociais e culturais de 1989 aos dias atuais,   identificando questões prioritárias para a promoção da cidadania e dos valores democráticos.;
EF09HI27;HISTÓRIA; Relacionar  aspectos das mudanças econômicas, culturais, sociais e tecnológicas ocorridas no Brasil a partir da década de 1990 ao papel do País no cenário internacional na era da globalização.;
EF09HI31;HISTÓRIA; Descrever e Avaliar  os processor de descolonização na África e na Ásia,  identificando o papel dos principais movimentos nacionalistas nas lutas pela independência.;
EF09HI32;HISTÓRIA; Analisar mudanças e permanências associadas ao processo de globalização  considerando os argumentos dos movimentos críticos às políticas globais.;
EF09HI33;HISTÓRIA; Analisar  as transformações nas relações políticas locais e globais  geradas pelo desenvolvimento das tecnologias digitais de informação e comunicação.;
EF09HI34;HISTÓRIA; Discutir as motivações da adoção de diferentes políticas econômicas na América Latina , assim como seus impactos sociais nos países da região.;
EF09HI35;HISTÓRIA; Analisar os aspectos relacionados ao fenômeno do terrorismo na contemporaneidade incluindo os movimentos migratórios e os choques entre diferentes grupos e culturas.;
EF09HI36;HISTÓRIA; Identificar e Discutir  as diversidades identitárias e seus significados históricos no início do século XXI, combatendo qualquer forma de preconceito e violência através do desenvolvimento de um projeto de âmbito escolar e comunitário;
EF09LI06;INGLÊS; Distinguir fatos de opiniões em textos argumentativos da esfera jornalística.;
EF09LI07;INGLÊS;  Identificar argumentos principais e as evidências/exemplos que os sustentam.;
EF09LI14;INGLÊS; Utilizar conectores indicadores de adição, condição, oposição, contraste, conclusão e síntese como auxiliares na construção da argumentação e intencionalidade discursiva.;
EF09LP01;PORTUGUÊS;A Analisar o fenômeno da disseminação de notícias falsas nas redes sociais.;
EF09LP01;PORTUGUÊS;B Desenvolver estratégias para reconhecimento de notícias falsas nas redes sociais, considerando, por exemplo, fonte, data, local da publicação, autoria, URL, comparação de diferentes fontes, consulta a sites de curadoria que atestam a fidedignidadedefatosrelatados.;
EF09MA08;MATEMÁTICA; Resolver e Elaborar situações -problema que envolvam relações de proporcionalidade direta e inversaentre duas ou mais grandezas, inclusive escalas, divisão em partes proporcionais e taxa de variação,  em contextos socioculturais, ambientais  e de outras áreas.;
EF09MA11;MATEMÁTICA; Resolver problemas por meio do estabelecimento de relações entre arcos, ângulos centrais e ângulos inscritos na circunferência fazendo uso, inclusive, de softwares de geometria dinâmica.;
EF09MA20;MATEMÁTICA; Reconhecer e Calcular  em experimentos aleatórios, eventos independentes e dependentes e calcular a probabilidade de sua ocorrência, nos dois casos.;
EF67LP28;PORTUGUÊS; Ler e compreender – selecionando procedimentos e estratégias de leitura adequados a diferentes objetivos e levando em conta características dos gêneros e suportes –, romances infantojuvenis, contos populares, contos de terror, lendas brasileiras, indígenas e africanas, poemas, entre outros, expressandoavaliaçãosobre otextolido e estabelecendo preferências por gêneros, temas, autores.;
EF67LP32;PORTUGUÊS;Escrever palavras com correção ortográfica, obedecendoasconvençõesda língua escrita.;
EF69LP05;PORTUGUÊS;A Inferir, em textos multissemióticos, o efeito de sentido humor,ironiaoucríticaproduzidopelo uso de palavras, expressões, imagens, clichês, recursos iconográficos, pontuação, entre outros.;
EF69LP05;PORTUGUÊS;A Inferir, em textos multissemióticos, o efeito de sentido humor,ironiaoucríticaproduzidopelo uso de palavras, expressões, imagens, clichês, recursos iconográficos, pontuação, entre outros. EF69LP05B Jus;
EF69LP06;PORTUGUÊS; Produzir notícias, fotodenúncias, fotorreportagens, reportagens, infográficos, podcasts noticiosos, entrevistas, cartas de leitor, comentários, artigos de opinião de interesse localouglobal,textosdeapresentaçãoe apreciação de produção cultural resenhas e outros gêneros textuais próprios das formas de expressão das culturas juvenis, em várias mídias.;
EF69LP11;PORTUGUÊS; Identificar e analisar posicionamentos defendidos e refutados na escuta de interações polêmicas em entrevistas, discussões e debates televisivo,emsaladeaula,emredes sociaisetc.,entreoutros, eseposicionar frente a eles.;
EF69LP12;PORTUGUÊS;A Desenvolver estratégias de planejamento, elaboração, revisão, edição, reescrita/ redesign esses três últimos quando não for situação ao vivo.;
EF69LP19;PORTUGUÊS; Analisar, em gêneros orais que envolvam argumentação, os efeitos de sentido de elementos típicos da modalidade falada, como a pausa, a entonação, o ritmo, a gestualidade e expressão facial, as hesitações etc;
EF69LP22;PORTUGUÊS;A Analisar pontos de vista, reivindicações, levando em conta seu contextodeprodução eascaracterísticas dos textos reivindicatórios ou propositivos.;
EF69LP23;PORTUGUÊS; Contribuir com aescrita de textos normativos regras e regulamentos nos vários âmbitos da escola, levando emconta ocontextodeprodução eas características dos gêneros em questão.;
EF69LP25;PORTUGUÊS; Posicionar -se de forma consistente e sustentada em uma discussão, assembleia, reuniões de colegiados da escola,deagremiações eoutras situações de apresentação de propostas e defesas de opiniões, respeitando as opiniões contrárias epropostas alternativasefundamentando seusposicionamentos,notempodefala previsto, valendo -se de sí;
EF69LP32;PORTUGUÊS;Selecionarinformações edados relevantes defontesdiversas impressas, digitais, orais etc., avaliando a qualidade e a utilidade dessas fontes, e organizar, esquematicamente, com ajuda do professor, asinformaçõesnecessáriassemexcedê - las com ou sem apoio de ferramentas digitais, em quadros, tabelas ou gráficos.;
EF69LP33;PORTUGUÊS;ABC Articular o verbal com os esquemas, infográficos, imagens variadas etc. na reconstrução dos sentidos dos textos de divulgação científica eretextualizar do discursivo para o esquemático – infográfico, esquema, tabela, gráfico, ilustraçãoetc. –e,aocontrário,transformar o conteúdo das tabelas, esquemas, infográficos, ilustrações etc. em texto discursivo, como forma de ampliar as possibilidades de compreensão desses textos e analisar as características das multissemioses edosgênerosemquestão.;
EF69LP44;PORTUGUÊS; Inferir a presença de valores sociais, culturais e humanos e de diferentes visões de mundo, em textos literários, reconhecendo nesses textos formas de estabelecer múltiplos olhares sobre as identidades, sociedades e culturas e considerando a autoria e o contexto social e histórico de sua produção.;
EF69LP47;PORTUGUÊS; Analisar, em textos narrativos ficcionais, as diferentes formas de composição próprias de cada gênero, os recursos coesivos que constroem a passagem do tempo e articulam suas partes, a escolha lexical típica de cada gênero para a caracterização dos cenários edospersonagens eosefeitosdesentido decorrentes dos tempos verbais, dos tipos de discurso, dos verbos deenunciação e das variedades linguísticas empregados. expressões conotativas e processos figurativos edousoderecursoslinguístico - gramaticais próprios a cada gênero narrativo.;
EF69LP50;PORTUGUÊS;" Elaborar texto teatral, a partir da adaptação de romances, contos, mitos, narrativas de enigma e de aventura, novelas, biografias romanceadas, crônicas, dentre outros, indicando as rubricas para caracterizaçãodocenário,doespaço,do tempo; explicitando a caracterização física epsicológicadospersonagensedosseus modos de ação; reconfigurando a inserção do discurso direto e dos tipos de narrador; explicitando as marcas de variação linguísticadialetos,registros ejargões e retextualizando o tratamento da temática.";
EF69LP55;PORTUGUÊS; Reconhecer em textos de diferentes gêneros as variedades da língua falada, oconceitodenorma -padrão e ode preconceito linguístico.;
EF69LP56;PORTUGUÊS; Fazer uso consciente ereflexivo danorma -padrãoemsituaçõesdefalae escritaemtextosdediferentesgêneros, levando em consideração o contexto, situação de produção e as características do gênero.;
EF89LP03;PORTUGUÊS; Analisar textos de opinião artigos de opinião, editoriais, cartas de leitores, comentários, posts de blog e de redes sociais, charges, memes, gifs etc. e posicionar -se de forma crítica e fundamentada, ética erespeitosa frente a fatos e opiniões relacionados a esses textos.;
EF89LP04;PORTUGUÊS;A Identificar argumentos e contra -argumentos explícitos em textos argumentativos.;
EF89LP04;PORTUGUÊS;B Analisar argumentos e contra -argumentos explícitos em textos argumentativos.;
EF89LP05;PORTUGUÊS;Analisar oefeitodesentido provocados pelouso,emtextos,deformas de apropriação textual paráfrases, citações, discursodireto,discursoindireto ediscurso indireto livre.;
EF89LP17;PORTUGUÊS; Relacionar textos e documentos legais e normativos de importância universal, nacional ou local Declaração dos Direitos Humanos, Constituição Brasileira, ECA, regulamentação da organização escolar, entre outros que envolvam direitos, em especial, de crianças, adolescentes e jovens;
EM13CHS202;CIÊNCIAS HUMANAS; Analisar e avaliar os impactos das tecnologias na estruturação e nas dinâmicas de grupos, povos e sociedades contemporâneos fluxos populacionais, financeiros, de mercadorias, de informações, de valores éticos e culturais etc., bem como suas interferências nas decisões políticas, sociais, ambientais, econômicas e culturais.;
EM13CHS204;CIÊNCIAS HUMANAS; Comparar e avaliar os processos de ocupação do espaço e a formação de territórios, territorialidades e fronteiras  identificando o papel de diferentes agentes (como grupos sociais e culturais, impérios, Estados Nacionais e organismos internacionais e considerando os conflitos populacionais (internos e externos, a diversidade étnico-cultural e as características socioeconômicas, políticas e tecnológicas.;
EM13CHS303;CIÊNCIAS HUMANAS; Debater e avaliar o papel da indústria cultural e das culturas de massa no estímulo ao consumismo, seus impactos econômicos e socioambientais, com vistas à percepção crítica das necessidades criadas pelo consumo e à adoção de hábitos sustentáveis.;
EM13CHS306;CIÊNCIAS HUMANAS; Contextualizar, Comparar e Avaliar os impactos de diferentes modelos socioeconômicos no uso dos recursos naturais e na promoção da sustentabilidade econômica e socioambiental do planeta (como a adoção dos sistemas da agrobiodiversidade e agroflorestal por diferentes comunidades, entre outros.;
EM13CHS401;CIÊNCIAS HUMANAS; Identificar e Analisar  as relações entre sujeitos, grupos, classes sociais e sociedades  com culturas distintas diante das transformações técnicas, tecnológicas e informacionais e das novas formas de trabalho ao longo do tempo, em diferentes espaços (urbanos e rurais e contextos.;
EM13CHS402;CIÊNCIAS HUMANAS; Analisar e Comparar  indicadores de emprego, trabalho e renda  em diferentes espaços, escalas e tempos, associando-os a processos de estratificação e desigualdade social.;
EM13CHS404;CIÊNCIAS HUMANAS; Identificar e discutir os múltiplos aspectos do trabalho em diferentes circunstâncias e contextos históricos e/ou geográficos e seus efeitos sobre as gerações, em especial, os jovens, levando em consideração, na atualidade, as transformações técnicas, tecnológicas e informacionais.;
EM13CHS501;CIÊNCIAS HUMANAS; Analisar os fundamentos da ética nas diferentes culturas, tempo e espaço,  identificando processos que contribuem para a formação de sujeitos éticos que valorizem a liberdade, a cooperação, a autonomia, o empreendedorismo, a convivência democrática e a solidariedade.;
EM13CHS503;CIÊNCIAS HUMANAS; Identificar diversas formas de violência (física, simbólica, psicológica etc.,  suas principais vítimas, suas causas sociais, psicológicas e afetivas, seus significados e usos políticos, sociais e culturais, discutindo e avaliando mecanismos para combatê-las, com base em argumentos éticos.;
EM13CHS504;CIÊNCIAS HUMANAS; Analisar e avaliar os impasses ético-políticos decorrentes das transformações culturais, sociais, históricas, científicas e tecnológicas no mundo contemporâneo e seus desdobramentos nas atitudes e nos valores de indivíduos, grupos sociais, sociedades e culturas.;
EM13CHS601;CIÊNCIAS HUMANAS; Identificar e Analisar as demandas e os protagonismos políticos, sociais e culturais dos povos indígenas e das populações afrodescendentes (incluindo os quilombolas no Brasil contemporâneo considerando a história das Américas e o contexto de exclusão e inclusão precária desses grupos na ordem social e econômica atual, promovendo ações para a redução das desigualdades étnico-raciais no país.;
EM13CHS603;CIÊNCIAS HUMANAS; Analisar  a formação de diferentes países, povos e nações  e de suas experiências políticas e de exercício da cidadania  aplicando conceitos políticos básicos (Estado, poder, formas, sistemas e regimes de governo, soberania etc.. ;
EM13CNT102;CIÊNCIAS DA NATUREZA; Realizar previsões, avaliar intervenções e/ou construir protótipos de sistemas térmicos que visem à sustentabilidade, considerando sua composição e os efeitos das variáveis termodinâmicas sobre seu funcionamento, considerando também o uso de tecnologias digitais que auxiliem no cálculo de estimativas e no apoio à construção dos protótipos.;
EM13CNT103;CIÊNCIAS DA NATUREZA; Utilizar o conhecimento sobre as radiações e suas origens para avaliar as potencialidades e os riscos de sua aplicação em equipamentos de uso cotidiano, na saúde, no ambiente, na indústria, na agricultura e na geração de energia elétrica.;
EM13CNT107;CIÊNCIAS DA NATUREZA; Realizar previsões qualitativas e quantitativas sobre o funcionamento de geradores, motores elétricos e seus componentes, bobinas, transformadores, pilhas, baterias e dispositivos eletrônicos, com base na análise dos processos de transformação e condução de energia envolvidos – com ou sem o uso de dispositivos e aplicativos digitais –, para propor ações que visem a sustentabilidade.;
EM13CNT207;CIÊNCIAS DA NATUREZA; Identificar, analisar e discutir vulnerabilidades vinculadas às vivências e aos desafios contemporâneos aos quais as juventudes estão expostas, considerando os aspectos físico, psicoemocional e social, a fim de desenvolver e divulgar ações de prevenção e de promoção da saúde e do bem-estar.;
EM13CNT306;CIÊNCIAS DA NATUREZA; Avaliar os riscos envolvidos em atividades cotidianas, aplicando conhecimentos das Ciências da Natureza, para justificar o uso de equipamentos e recursos, bem como comportamentos de segurança, visando à integridade física, individual e coletiva, e socioambiental, podendo fazer uso de dispositivos e aplicativos digitais que viabilizem a estruturação de simulações de tais riscos.;
EM13CNT308;CIÊNCIAS DA NATUREZA; Investigar e analisar o funcionamento de equipamentos elétricos e/ou eletrônicos e sistemas de automação para compreender as tecnologias contemporâneas e avaliar seus impactos sociais, culturais e ambientais.;
EM13CNT309;CIÊNCIAS DA NATUREZA; Analisar questões socioambientais, políticas e econômicas relativas à dependência do mundo atual em relação aos recursos não renováveis e discutir a necessidade de introdução de alternativas e novas tecnologias energéticas e de materiais, comparando diferentes tipos de motores eprocessos de produção de novos materiais.;
EM13CNT310;CIÊNCIAS DA NATUREZA; Investigar e analisar os efeitos de programas de infraestrutura e demais serviços básicos saneamento, energia elétrica, transporte, telecomunicações, cobertura vacinal, atendimento primário à saúde e produção de alimentos, entre outros e identificar necessidades locais e/ou regionais em relação a esses serviços, a fim de avaliar e/ou promover ações que contribuam para a melhoria na qualidade de vida e nas condições de saúde da população.;
EM13LGG102;LINGUAGENS; Analisar visões de mundo, conflitos de interesse, preconceitos e ideologias presentes nos discursos veiculados nas diferentes mídias, ampliando suas possibilidades de explicação, interpretação e intervenção crítica da/na realidade.;
EM13LGG103;LINGUAGENS;  Analisar o funcionamento das linguagens, para interpretar e produzir criticamente discursos em textos de diversas semioses (visuais, verbais, sonoras, gestuais.;
EM13LGG104;LINGUAGENS; Utilizar as diferentes linguagens, levando em conta seus funcionamentos, para a compreensão e produção de textos e discursos em diversos campos de atuação social.;
EM13LGG201;LINGUAGENS; Utilizar as diversas linguagens artísticas, corporais e verbais em diferentes contextos, valorizando-as como fenômeno social, cultural, histórico, variável, heterogêneo e sensível aos contextos de uso.;
EM13LGG202;LINGUAGENS; Analisar interesses, relações de poder e perspectivas de mundo nos discursos das diversas práticas de linguagem (artísticas, corporais e verbais, compreendendo criticamente o modo como circulam, constituem-se e (reproduzem significação e ideologias.;
EM13LGG202;LINGUAGENS; Analisar interesses, relações de poder e perspectivas de mundo nos discursos das diversas práticas de linguagem artísticas, corporais e verbais, compreendendo criticamente o modo como circulam, constituem-se e reproduzem significação e ideologias.;
EM13LGG204;LINGUAGENS; Dialogar e produzir entendimento mútuo, nas diversas linguagens artísticas, corporais e verbais, com vistas ao interesse comum pautado em princípios e valores de equidade assentados na democracia e nos Direitos Humanos.;
EM13LGG302;LINGUAGENS; Posicionar-se criticamente diante de diversas visões de mundo presentes nos discursos em diferentes linguagens, levando em conta seus contextos de produção e de circulação.;
EM13LGG303;LINGUAGENS; Debater questões polêmicas de relevância social, analisando diferentes argumentos e opiniões, para formular, negociar e sustentar posições, frente à análise de perspectivas distintas.;
EM13LGG305;LINGUAGENS; Mapear e Criar por meio de práticas de linguagem, possibilidades de atuação social, política, artística e cultural para enfrentar desafios contemporâneos, discutindo princípios e objetivos dessa atuação de maneira crítica, criativa, solidária e ética.;
EM13LGG401;LINGUAGENS; Analisar criticamente textos de modo a compreender e caracterizar as línguas como fenômeno (geopolítico, histórico, social, cultural, variável, heterogêneo e sensível aos contextos de uso.;
EM13LGG403;LINGUAGENS; Fazer uso do inglês como língua de comunicação global, levando em conta a multiplicidade e variedade de usos, usuários e funções dessa língua no mundo contemporâneo.;
EM13LGG503;LINGUAGENS; Vivenciar práticas corporais e significálas em seu projeto de vida, como forma de autoconhecimento, autocuidado com o corpo e com a saúde, socialização e entretenimento.;
EM13LP01;PORTUGUÊS;Relacionar o texto, tanto na produção como na leitura/escuta, com suas condições de produção e seu contexto sócio-histórico de circulação leitor/audiência previstos, objetivos, pontos de vista e perspectivas, papel social do autor, época, gênero do discurso etc., de forma a ampliar as possibilidades de construção de sentidos e de análise crítica e produzir textos adequados a diferentes situações.;
EM13LP02;PORTUGUÊS; Estabelecer relações entre as partes do texto, tanto na produção como na leitura/escuta, considerando a construção composicional e o estilo do gênero.;
EM13LP02;PORTUGUÊS; Reconhecer adequadamenteelementos e recursos coesivos diversos que contribuam. para a coerência, a continuidade do texto e sua progressão temática, organizando informações, tendo em vista as condições de produção.;
EM13LP02;PORTUGUÊS;" Reconhecer em um texto as relações lógico-discursivas envolvidas causa/efeito ou consequência; tese/argumentos; problema/solução; definição/exemplos etc..";
EM13LP05;PORTUGUÊS;Analisar, em textos argumentativos, os posicionamentos assumidos, os movimentos argumentativos sustentação, refutação/contraargumentação e negociação e os argumentos utilizados para sustentálos, para avaliar sua força e eficácia, e posicionar-se criticamente diante da questão discutida e/ou dos argumentos utilizados, recorrendo aos mecanismos linguísticos necessários.;
EM13LP09;PORTUGUÊS;Comparar o tratamento dado pela gramática tradicional e pelas gramáticas de uso contemporâneas em relação a diferentes tópicos gramaticais, de forma a perceber as diferenças de abordagem e o fenômeno da variação linguística e analisar motivações que levam ao predomínio do ensino da norma-padrão na escola.;
EM13LP15;PORTUGUÊS;Planejar, produzir, revisar, editar, reescrever e avaliar textos escritos e multissemióticos, considerando sua adequação às condições de produção do texto, no que diz respeito ao lugarsocial a ser assumido e à imagem que se pretende passar a respeito de si mesmo, ao leitor pretendido, ao veículo e mídia em que o texto ou produção cultural vai circular, ao contexto imediato e sócio-histórico mais geral, ao gênero textual em questão e suas regularidades, à variedade linguística apropriada a esse contexto e ao uso do conhecimento dos aspectos notacionais ortografia padrão, pontuação adequada, mecanismos de concordância nominal e verbal, regência verbal etc., sempre que o contexto o exigir.;
EM13LP21;PORTUGUÊS;Produzir, de forma colaborativa, e socializar playlists comentadas de preferências culturais e de entretenimento, revistas culturais, fanzines, e-zines ou publicações afins que divulguem, comentem e avaliem músicas, games, séries, filmes, quadrinhos, livros, peças, exposições, espetáculos de dança etc., de forma a compartilhar gostos, identificar afinidades, fomentar comunidades etc.;
EM13LP26;PORTUGUÊS; Relacionar textos e documentos legais e normativos de âmbito universal, nacional, local ou escolar que envolvam a definição de direitos e deveres – em especial, os voltados a adolescentes e jovens – aos seus contextos de produção.;
EM13LP26;PORTUGUÊS; Identificar possíveis motivações e finalidades, como forma de ampliar a compreensão de direitos e deveres em textos e documentos legais e normativos que envolvam as definições de direitos e deveres – em especial, os voltados a adolescentes e jovens.;
EM13LP40;PORTUGUÊS;Analisar o fenômeno da pós-verdade – discutindo as condições e os mecanismos de disseminação de fake news e também exemplos, causas e consequências desse fenômeno e da prevalência de crenças e opiniões sobre fatos –, de forma a adotar atitude crítica em relação ao fenômeno e desenvolver uma postura flexível que permita rever crenças e opiniões quando fatos apurados as contradisserem.;
EM13LP46;PORTUGUÊS;Compartilhar sentidos construídos na leitura/escuta de textos literários,percebendo diferenças e eventuais tensões entre as formas pessoais e as coletivas de apreensão desses textos, para exercitar o diálogo cultural e aguçar a perspectiva crítica.;
EM13LP47;PORTUGUÊS;Participar de eventos saraus, competições orais, audições, mostras, festivais, feiras culturais e literárias, rodas e clubes de leitura, cooperativas culturais, jograis, repentes, slams etc., inclusive para socializar obras da própria autoria poemas, contos e suas variedades, roteiros e microrroteiros, videominutos, playlists comentadas de música etc. e/ou interpretar obras de outros, inserindo-se nas diferentes práticas culturais de seu tempo.;
EM13LP48;PORTUGUÊS;Identificar assimilações, rupturas e permanências no processo de constituição da literatura brasileira e ao longo de sua trajetória, por meio da leitura e análise de obras fundamentais do cânone ocidental, em especial da literatura portuguesa, para perceber a historicidade de matrizes e procedimentos estéticos.;
EM13LP49;PORTUGUÊS;Perceber as peculiaridades estruturais e estilísticas de diferentes gêneros literários a apreensão pessoal do cotidiano nas crônicas, a manifestação livre e subjetiva do eu lírico diante do mundo nos poemas, a múltipla perspectiva da vida humana e social dos romances, a dimensão política e social de textos da literatura marginal e da periferia etc. para experimentar osdiferentes ângulos de apreensão do indivíduo e do mundo pela literatura.;
EM13LP52;PORTUGUÊS;Analisar obras significativas das literaturas brasileiras e de outros países e povos, em especial a portuguesa, a indígena, a africana e a latino-americana, com base em ferramentas da crítica literária estrutura da composição, estilo, aspectos discursivos ou outros critérios relacionados a diferentes matrizes culturais, considerando o contexto de produção visões de mundo, diálogos com outros textos, inserções em movimentos estéticos e culturais etc. e o modo como dialogam com o presente.;
EM13LP53;PORTUGUÊS;Produzir apresentações e comentários apreciativos e críticos sobre livros, filmes, discos, canções, espetáculos de teatro e dança, exposições etc. resenhas, vlogs e podcasts literários e artísticos, playlists comentadas, fanzines, e-zines etc.;
EM13LP54;PORTUGUÊS;Criar obras autorais, em diferentes gêneros e mídias – mediante seleção e apropriação de recursos textuais e expressivos do repertório artístico –, e/ou produções derivadas paródias, estilizações, fanfics, fanclipes etc., como forma de dialogar crítica e/ou subjetivamente com o texto literário.;
EM13MAT307;MATEMÁTICA; Empregar e Deduzir diferentes métodos para a obtenção da medida da área de uma superfície (reconfigurações, aproximação por cortes etc.  e deduzir expressões de cálculo para aplicá-las em situações reais (como o remanejamento e a distribuição de plantações, entre outros, com ou sem apoio de tecnologias digitais;
EM13MAT309;MATEMÁTICA; Resolver e Elaborar problemas que envolvem o cálculo de áreas totais e de volumes de prismas, pirâmides e corpos redondos em situações reais (como o cálculo do gasto de material para revestimento ou pinturas de objetos cujos formatos sejam composições dos sólidos estudados, com ou sem apoio de tecnologias digitais.;
EM13MAT314;MATEMÁTICA; Resolver e Elaborar problemas que envolvem grandezas determinadas pela razão ou pelo produto de outras (velocidade, densidade demográfica, energia elétrica etc..;
EM13MAT316;MATEMÁTICA; Resolver e Elaborar problemas, em diferentes contextos, que envolvem cálculo e interpretação das medidas de tendência central (média, moda, mediana e das medidas de dispersão (amplitude, variância e desvio padrão.;
EM13MAT506;MATEMÁTICA; Representar graficamente a variação da área e do perímetro de um polígono regular quando os comprimentos de seus lados variam, analisando e classificando as funções envolvidas.;
